iteration,v₁,v₂,error
0,0,0,0.21825396825396826
1,0.21825396825396826,0.07275132275132364,0.012558878144285524
2,0.20569509010968273,0.08158102631046119,0.007668710170528517
3,0.20010958229029016,0.0892497364809897,0.0018985204074767614
4,0.1982110618828134,0.09051583274769154,7.692769104608588e-5
5,0.1981341341917673,0.09057062760850919,1.2596266935060996e-7